{"cameraMode":{"drawMode":0,"name":"Shaded","section":"Shading Mode"},"sceneLighting":true,"audioPlay":false,"sceneViewState":{"showFog":true,"showMaterialUpdate":false,"showSkybox":true,"showFlares":true,"showImageEffects":true,"showParticleSystems":true},"in2DMode":false,"pivot":{"x":-3.2877681255340578,"y":-3.6553874015808107,"z":-13.080270767211914},"rotation":{"x":-0.0741976723074913,"y":0.924882709980011,"z":-0.24140000343322755,"w":-0.28427597880363467},"size":23.659204483032228,"orthographic":false}